agency_id,reporting_period_name,f1_title_iv_agency,agency_name,agency_alt_code,agency_psd_start_date
14,2024B,17,Illinois,IL,9/20/2021
35,2024B,38,North Dakota,ND,8/14/2020
554,2024B,252,Salt River Pima Maricopa Indian Community,SR,5/12/2022
21,2024B,24,Maryland,MD,2/7/2020
28,2024B,31,Nebraska,NE,2/1/2021
45,2024B,49,Utah,UT,12/10/2019
17,2024B,20,Kansas,KS,4/30/2020
4,2024B,05,Arkansas,AR,2/11/2020
47,2024B,51,Virginia,VA,8/26/2021
37,2024B,40,Oklahoma,OK,10/12/2021
23,2024B,26,Michigan,MI,6/13/2022
15,2024B,18,Indiana,IN,6/30/2022
34,2024B,37,North Carolina,NC,8/17/2022
49,2024B,54,West Virginia,WV,9/11/2020
158,2024B,076,Eastern Band of Cherokee Indians,EB,4/7/2021
20,2024B,23,Maine,ME,9/3/2021
43,2024B,47,Tennessee,TN,7/25/2022
51,2024A,56,Wyoming,WY,12/21/2022
12,2024B,15,Hawaii,HI,8/10/2021
9,2024B,11,District of Columbia,DC,10/29/2019
30,2023A,33,New Hampshire,NH,10/1/2022
16,2024B,19,Iowa,IA,2/24/2021
7,2024B,09,Connecticut,CT,3/4/2022
36,2024B,39,Ohio,OH,12/1/2021
18,2024B,21,Kentucky,KY,4/1/2020
